[
  {
    "Name": "Cola",
    "Age": 8,
    "Satiety": 52,
    "Mood": 70,
    "Health": 77,
    "AvgLevel": 66,
    "IsCatAction": false,
    "ActionsType": 0,
    "Strategy": "AdultCat"
  },
  {
    "Name": "Felix",
    "Age": 17,
    "Satiety": 52,
    "Mood": 60,
    "Health": 50,
    "AvgLevel": 54,
    "IsCatAction": false,
    "ActionsType": 2,
    "Strategy": "OldCat"
  },
  {
    "Name": "Pepsi",
    "Age": 4,
    "Satiety": 56,
    "Mood": 74,
    "Health": 30,
    "AvgLevel": 53,
    "IsCatAction": false,
    "ActionsType": 1,
    "Strategy": "ChildCat"
  }
]